<ivysettings>

    <!--<property name="stats.ivy.home" value="${user.home}/ivy" />  For local repo -->
    <property name="stats.ivy.home" value="//wdevcode01/ivyrepo" />

    <settings defaultResolver="statsivyrepo" />
    <resolvers>
        <!--<url name="url-example">-->
            <!--&lt;!&ndash;<ivy pattern="http://localhost:80/[organisation]/[module]/ivy-[revision].xml" />&ndash;&gt;-->
            <!--&lt;!&ndash;<artifact pattern= "http://localhost:80/[organisation]/[module]/[type]s/[artifact]-[revision].[ext]" />&ndash;&gt;-->
        <!--</url>-->

        <filesystem name="statsivyrepo">
            <!--<ivy pattern= "${ivy.home}/[organisation]/[module]/[type]s/[artifact]-[revision].[ext]" />-->
            <artifact pattern= "${stats.ivy.home}/[organisation]/[type]s/[artifact]-[revision].[ext]" />
        </filesystem>
    </resolvers>

        <echo message="Exiting settings file"/>

</ivysettings>